{"cameraMode":{"drawMode":0,"name":"Shaded","section":"Shading Mode"},"sceneLighting":false,"audioPlay":false,"sceneViewState":{"m_AlwaysRefresh":false,"showFog":false,"showSkybox":false,"showFlares":false,"showImageEffects":false,"showParticleSystems":false,"showVisualEffectGraphs":true,"m_FxEnabled":true},"in2DMode":false,"pivot":{"x":0.7661087512969971,"y":1.4425687789916993,"z":-0.05861087515950203},"rotation":{"x":-0.06751763820648194,"y":0.9040333032608032,"z":-0.3923943340778351,"w":-0.15555529296398164},"size":0.9926356077194214,"orthographic":true}