{"cameraMode":{"drawMode":0,"name":"Shaded","section":"Shading Mode"},"sceneLighting":false,"audioPlay":false,"sceneViewState":{"m_AlwaysRefresh":false,"showFog":false,"showSkybox":false,"showFlares":false,"showImageEffects":false,"showParticleSystems":false,"showVisualEffectGraphs":true,"m_FxEnabled":true},"in2DMode":false,"pivot":{"x":0.00525173544883728,"y":0.8711984753608704,"z":-0.01109391450881958},"rotation":{"x":0.0027833040803670885,"y":0.9972149729728699,"z":-0.05421154573559761,"w":0.05120289698243141},"size":1.0647270679473878,"orthographic":true}