{"cameraMode":{"drawMode":0,"name":"Shaded","section":"Shading Mode"},"sceneLighting":false,"audioPlay":false,"sceneViewState":{"m_AlwaysRefresh":false,"showFog":false,"showSkybox":false,"showFlares":false,"showImageEffects":false,"showParticleSystems":false,"showVisualEffectGraphs":true,"m_FxEnabled":true},"in2DMode":false,"pivot":{"x":0.0002579689025878906,"y":0.8981127142906189,"z":0.03445839881896973},"rotation":{"x":-0.006145256571471691,"y":0.9877704381942749,"z":-0.040332913398742679,"w":-0.15049882233142854},"size":1.00258207321167,"orthographic":true}